,,,,,,,,,,,,,,,,,,,,,,,,,,,,,,,,,,,,,,,
DDR4 3200 2x8GB RGB,,On line,US Online Price,CL,2022/3/7,2022/3/8,2022/3/9,2022/3/10,2022/3/11,2022/3/14,2022/3/15,2022/3/16,2022/3/17,2022/3/18,2022/3/21,2022/3/22,2022/3/23,2022/3/24,2022/3/25,2022/3/29,2022/3/30,2022/4/1,2022/4/6,2022/4/7,2022/4/8,2022/4/11,2022/4/12,2022/4/13,2022/4/14,2022/4/15,2022/4/19,2022/4/20,2022/4/21,2022/4/22,2022/4/25,2022/4/26,2022/4/27,2022/4/28,2022/4/29
,https://www.amazon.com/Thermaltake-TOUGHRAM-Motherboard-Syncable-R009D408GX2-3600C18B/dp/B07XVZHHXS/ref=sr_1_2?dchild=1&keywords=Thermaltake%2BTOUGHRAM%2BRGB&qid=1613613259&sr=8-2&th=1,Amanzon,Thermaltake TOUGHRAM RGB,16,$129.99,$129.99,$129.99,$129.99,$129.99,$129.99,$129.99,$129.99,$129.99,$129.99,$129.99,$129.99,$129.99,$129.99,$129.99,$129.99,$129.99,$129.99,$129.99,$129.99,$129.99,$129.99,$129.99,$129.99,$129.99,$129.99,$129.99,$129.99,$129.99,$129.99,$129.99,$129.99,$129.99,$129.99,$129.99
,https://www.amazon.com/Thermaltake-TOUGHRAM-Motherboard-Syncable-R019D408GX2-3200C16A/dp/B082TJLJX3/ref=sr_1_1?dchild=1&keywords=Thermaltake+TOUGHRAM+RGB+Z-ONE&qid=1613613297&sr=8-1,Amanzon,Thermaltake Z-ONE RGB,16,$103.54,$129.99,$129.99,$129.99,$129.99,$129.99,$129.99,$129.99,$129.99,$129.99,$129.99,$129.99,$129.99,$129.99,$129.99,$129.99,$129.99,$129.99,$129.99,$129.99,$129.99,$129.99,$129.99,$129.99,$127.39,$127.39,$127.39,$129.99,$129.99,$129.99,$129.99,$129.99,$129.99,$129.99,$129.99
,https://www.amazon.com/CORSAIR-Vengeance-3200MHz-Desktop-Memory/dp/B07D1XCKWW/ref=sr_1_1?currency=USD&dchild=1&keywords=Corsair%2BVengeance%2BPro%2BRGB&language=en_US&qid=1613613313&sr=8-1&th=1,Amanzon,Corsair Vengeance RGB Pro,16,$82.99,$89.99,$89.99,$89.99,$89.99,$89.99,$82.99,$82.99,$82.99,$82.99,$82.99,$89.99,$89.99,$89.99,$89.99,$82.99,$82.99,$82.99,$89.99,$89.99,$89.99,$89.99,$85.99,$85.99,$85.99,$85.99,$87.99,$87.99,$84.99,$84.99,$84.99,$78.99,$78.99,$78.99,$78.99
,https://www.amazon.com/Corsair-Vengeance-4x32GB-PC4-25600-Desktop/dp/B08SQ31CGF/ref=sr_1_1?dchild=1&keywords=corsair%2Bvengeance%2Brgb%2BSL&qid=1615426696&s=electronics&sr=1-1&th=1,Amanzon,Corsair Vengeance RGB Pro SL,16,$84.99,$79.99,$79.99,$79.99,$79.99,$79.99,$79.99,$84.99,$84.99,$84.99,$84.99,$79.99,$79.99,$79.99,$79.99,$84.99,$84.99,$84.99,$77.99,$77.99,$77.99,$77.99,$84.99,$82.99,$82.99,$82.99,$82.99,$77.99,$78.99,$78.99,$78.99,$79.99,$79.99,$79.99,$79.99
,https://www.newegg.com/g-skill-16gb-288-pin-ddr4-sdram/p/N82E16820232751?Description=GSKILL%20Trident%20Z%20RGB%203200&cm_re=GSKILL_Trident%20Z%20RGB%203200-_-20-232-751-_-Product&quicklink=true,Newegg,GSKILL Trident Z RGB,16,$94.99,$94.99,$87.81,$87.81,$87.81,$92.39,$90.19,$91.07,$92.39,$92.39,$81.99,$81.99,$82.33,$94.99,$94.99,$94.99,$94.99,$94.99,$94.99,$94.99,$94.99,$91.29,$87.14,$87.14,$87.14,$87.14,$95.44,$94.99,$94.99,$94.99,$94.99,$94.99,$94.99,$94.99,$103.74
DDR4 3600 2x8GB RGB,,On line,US Online Price,CL,2022/3/7,2022/3/8,2022/3/9,2022/3/10,2022/3/11,2022/3/14,2022/3/15,2022/3/16,2022/3/17,2022/3/18,2022/3/21,2022/3/22,2022/3/23,2022/3/24,2022/3/25,2022/3/29,2022/3/30,2022/4/1,2022/4/6,2022/4/7,2022/4/8,2022/4/11,2022/4/12,2022/4/13,2022/4/14,2022/4/15,2022/4/19,2022/4/20,2022/4/21,2022/4/22,2022/4/25,2022/4/26,2022/4/27,2022/4/28,2022/4/29
,https://www.amazon.com/Thermaltake-TOUGHRAM-Motherboard-Syncable-R016D408GX2-3600C18A/dp/B08XWK554J/ref=sr_1_3?crid=1WCLJPD9DV8ER&dchild=1&keywords=toughram+xg+rgb&qid=1615956921&sprefix=toughram+XG%2Caps%2C347&sr=8-3,Amanzon,Thermaltake TOUGHRAM XG ,18,$165.99,$165.99,$165.99,$165.99,$165.99,$165.99,$165.99,$165.99,$165.99,$165.99,$165.99,$165.99,$165.99,$165.99,$165.99,$165.99,$165.99,$165.99,$165.99,$165.99,$165.99,$165.99,$165.99,$165.99,$165.99,$165.99,$165.99,$165.99,$165.99,$165.99,$165.99,$165.99,$165.99,$165.99,$165.99
,https://www.amazon.com/Thermaltake-TOUGHRAM-Motherboard-Syncable-R009D408GX2-3600C18B/dp/B07XVZWQLQ/ref=sr_1_3?dchild=1&keywords=Thermaltake+TOUGHRAM+RGB+White+DDR4+3600MHz&qid=1613703181&sr=8-3,Amanzon,Thermaltake TOUGHRAM RGB,18,$129.99,$129.99,$129.99,$129.99,$129.99,$129.99,$129.99,$129.99,$129.99,$129.99,$129.99,$129.99,$129.99,$129.99,$129.99,$129.99,$129.99,$129.99,$129.99,$129.99,$129.99,$129.99,$129.99,$129.99,$129.99,$129.99,$129.99,$129.99,$129.99,$129.99,$129.99,$129.99,$129.99,$129.99,$129.99
,https://www.amazon.com/Thermaltake-TOUGHRAM-Motherboard-Syncable-R019D408GX2-3600C18A/dp/B0837JPTZ9/ref=sr_1_2?dchild=1&keywords=Thermaltake+Z-ONE+RGB+3600&qid=1613614080&s=electronics&sr=1-2,Amanzon,Thermaltake Z-ONE RGB,18,$135.79,$135.79,$135.79,$135.79,$135.79,$135.79,$135.79,$135.79,$135.79,$137.19,$139.99,$139.99,$139.99,$139.99,$139.99,$136.82,$136.55,$139.99,$138.71,$138.30,$139.99,$139.99,$137.98,$137.74,$137.57,$137.46,$137.25,$137.23,$137.11,$137.05,$136.52,$136.45,$139.99,$139.99,$139.99
,https://www.amazon.com/Corsair-Vengeance-PC4-28800-Desktop-Memory/dp/B07TB3R9JB/ref=sr_1_3?dchild=1&keywords=Corsair+Vengeance+Pro+RGB+3600&qid=1613614131&s=electronics&sr=1-3 ,Amanzon,Corsair Vengeance RGB Pro,18,$97.99,$87.99,$87.99,$87.99,$87.99,$87.99,$97.99,$97.99,$97.99,$97.99,$97.99,$97.99,$87.99,$97.99,$87.99,$97.99,$97.99,$97.99,$87.99,$97.99,$97.99,$98.39,$105.62,$105.62,$97.99,$97.99,$89.99,$89.99,$89.99,$89.99,$89.99,$89.99,$93.99,$92.99,$92.99
,https://www.amazon.com/Corsair-Vengeance-4x32GB-PC4-25600-Desktop/dp/B08SQCZSS8/ref=sr_1_1?dchild=1&keywords=corsair%2Bvengeance%2Brgb%2BSL&qid=1615426696&s=electronics&sr=1-1&th=1,Amanzon,Corsair Vengeance RGB Pro SL,18,$89.99,$95.99,$94.99,$94.99,$94.99,$94.99,$89.99,$89.99,$89.99,$89.99,$89.99,$95.99,$94.99,$94.99,$94.99,$89.99,$89.99,$89.99,$94.99,$95.99,$93.99,$93.99,$89.99,$89.99,$89.99,$89.99,$94.99,$94.99,$94.99,$92.99,$91.99,$89.99,$89.99,$89.99,$89.99
,https://www.newegg.com/g-skill-16gb-288-pin-ddr4-sdram/p/N82E16820232728?&quicklink=true,Newegg,GSKILL Trident Z RGB,18,$94.99,$81.99,$81.99,$79.19,$79.19,$94.99,$77.99,$79.00,$79.01,$79.00,$79.18,$78.99,$78.88,$71.27,$79.19,$77.55,$79.19,$79.19,$69.48,$79.19,$79.19,$90.99,$70.39,$70.39,$90.99,$90.99,$87.99,$87.99,$87.99,$87.99,$86.99,$87.99,$87.99,$87.99,$83.58
"DDR4 3200 2x8GB RGB
",,On line,De Online Price,CL,2022/3/7,2022/3/8,2022/3/9,2022/3/10,2022/3/11,2022/3/14,2022/3/15,2022/3/16,2022/3/17,2022/3/18,2022/3/21,2022/3/22,2022/3/23,2022/3/24,2022/3/25,2022/3/29,2022/3/30,2022/4/1,2022/4/6,2022/4/7,2022/4/8,2022/4/11,2022/4/12,2022/4/13,2022/4/14,2022/4/15,2022/4/19,2022/4/20,2022/4/21,2022/4/22,2022/4/25,2022/4/26,2022/4/27,2022/4/28,2022/4/29
,https://www.alternate.de/Thermaltake/DIMM-16-GB-DDR4-3200-Kit-Arbeitsspeicher/html/product/1588667,alternate,Thermaltake TOUGHRAM RGB,16,£á 81.90,"£á 134,90","£á 134,90","£á 134,90","£á 134,90","£á 134,90","£á 134,90","£á 134,90","£á 134,90","£á 134,90","£á 134,90","£á 134,90","£á 134,90","£á 134,90","£á 134,90","£á 134,90","£á 134,90","£á 134,90","£á 134,90","£á 134,90","£á 134,90","£á 134,90","£á 134,90","£á 134,90","£á 134,90","£á 134,90","£á 134,90","£á 134,90","£á 134,90","£á 134,90","£á 134,90",£á 99.90,£á 99.90,£á 99.90,£á 99.90
,https://www.alternate.de/Thermaltake/DIMM-16-GB-DDR4-3200-Kit-Arbeitsspeicher/html/product/1610990,alternate,Thermaltake Z-ONE RGB,16,"£á 83,90","£á 83,90","£á 83,90","£á 83,90","£á 83,90","£á 83,90","£á 83,90","£á 83,90","£á 83,90","£á 83,90","£á 83,90","£á 83,90","£á 83,90","£á 83,90","£á 83,90","£á 83,90","£á 83,90","£á 83,90","£á 83,90","£á 83,90","£á 83,90","£á 83,90","£á 98,90","£á 98,90","£á 98,90","£á 98,90","£á 98,90","£á 98,90","£á 98,90","£á 98,90","£á 98,90","£á 98,90","£á 98,90","£á 98,90","£á 98,90"
,https://www.amazon.de/Corsair-Vengeance-Enthusiast-LED-Beleuchtung-Speicherkit/dp/B07D1XCKWW/ref=sr_1_2?__mk_de_DE=%C3%85M%C3%85%C5%BD%C3%95%C3%91&dchild=1&keywords=Corsair+Vengeance+Pro+RGB+3200&qid=1613613582&sr=8-2,Amanzon,Corsair Vengeance Pro RGB,16,£á 81.90,£á 81.90,£á 81.90,£á 81.90,£á 81.90,£á 81.90,£á 83.90,£á 83.90,£á 83.90,£á 83.90,£á 83.90,£á 83.90,£á 83.90,£á 83.90,£á 83.90,£á 84.90,£á 84.90,£á 84.90,£á 84.90,£á 84.90,£á 84.90,£á 84.90,£á 82.90,£á 82.90,£á 82.90,£á 82.90,£á 82.90,£á 82.00,£á 82.00,"£á 82,90","£á 82,90",£á 80.90,£á 80.90,£á 80.90,£á 80.90
,https://www.amazon.de/-/en/Corsair-VENGEANCE-PC4-25600-Desktop-Memory/dp/B08SQ31CGF/ref=sr_1_6?crid=8MJ1PTV45LUA&keywords=Corsair%2BVengeance%2BRGB%2BPro%2BSL%2Bddr4&qid=1650852017&s=computers&sprefix=corsair%2Bvengeance%2Brgb%2Bpro%2Bsl%2Bddr%2Ccomputers%2C347&sr=1-6&th=1,Amanzon,Corsair Vengeance RGB Pro SL,14,£á 126.90,£á 128.90,£á 128.90,£á 127.90,£á 125.90,£á 126.90,£á 127.90,£á 126.90,£á 126.90,£á 126.90,£á 125.90,£á 125.90,£á 126.90,£á 126.90,£á 126.90,£á 127.90,£á 126.90,£á 125.90,£á 127.90,£á 127.90,£á 150.16,£á 150.16,£á 150.16,£á 150.16,£á 150.16,£á 150.16,£á 150.16,£á 150.16,£á 150.16,£á 133.29,£á 78.90,£á 74.90,£á 74.90,£á 74.90,£á 74.90
,https://www.alternate.de/G-Skill/DIMM-16-GB-DDR4-3200-Kit-Arbeitsspeicher/html/product/1327190,alternate,GSKILL Trident Z RGB,16,"£á 97,90","£á 99,90","£á 99,90","£á 98,90","£á 97,90","£á 97,90","£á 98,90","£á 97,90","£á 97,90","£á 97,90","£á 97,90","£á 96,90","£á 96,90","£á 96,90","£á 96,90","£á 95,90","£á 95,90","£á 93,90","£á 96,90","£á 93,90","£á 93,90","£á 94,90","£á 93,90","£á 93,90","£á 94,90",£á 93.90,£á 93.90,£á 92.90,£á 92.90,£á 92.90,£á 92.90,£á 89.90,£á 90.90,£á 90.90,£á 92.90
"DDR4 3600 2x8GB RGB
",,On line,De Online Price,CL,2022/3/7,2022/3/8,2022/3/9,2022/3/10,2022/3/11,2022/3/14,2022/3/15,2022/3/16,2022/3/17,2022/3/18,2022/3/21,2022/3/22,2022/3/23,2022/3/24,2022/3/25,2022/3/29,2022/3/30,2022/4/1,2022/4/6,2022/4/7,2022/4/8,2022/4/11,2022/4/12,2022/4/13,2022/4/14,2022/4/15,2022/4/15,2022/4/20,2022/4/21,2022/4/22,2022/4/25,2022/4/26,2022/4/27,2022/4/28,2022/4/29
,https://www.alternate.de/Thermaltake/DIMM-16-GB-DDR4-3600-Kit-Arbeitsspeicher/html/product/1731673,alternate,Thermaltake TOUGHRAM XG ,18,"£á 110,90","£á 110,90","£á 110,90","£á 110,90","£á 110,90","£á 110,90","£á 110,90","£á 110,90","£á 110,90","£á 110,90","£á 110,90","£á 110,90","£á 110,90","£á 110,90","£á 110,90","£á 118,90","£á 118,90","£á 118,90","£á 118,90","£á 118,90","£á 118,90","£á 118,90","£á 118,90","£á 118,90","£á 118,90","£á 118,90","£á 118,90","£á 118,90","£á 118,90","£á 118,90","£á 118,90","£á 118,90","£á 118,90","£á 118,90","£á 118,90"
,https://www.alternate.de/Thermaltake/DIMM-16-GB-DDR4-3600-Kit-Arbeitsspeicher/html/product/1588673,alternate,Thermaltake TOUGHRAM RGB,18,"£á 104,90","£á 104,90","£á 104,90","£á 104,90","£á 104,90","£á 104,90","£á 104,90","£á 104,90","£á 104,90","£á 104,90","£á 104,90","£á 104,90","£á 104,90","£á 104,90","£á 104,90","£á 104,90","£á 104,90","£á 104,90","£á 104,90","£á 104,90","£á 104,90","£á 104,90","£á 108,90","£á 108,90","£á 108,90","£á 108,90","£á 108,90","£á 108,90","£á 108,90","£á 108,90","£á 108,90","£á 108,90","£á 108,90","£á 108,90","£á 108,90"
,https://www.alternate.de/Thermaltake/DIMM-16-GB-DDR4-3600-Kit-Arbeitsspeicher/html/product/1610994,alternate,Thermaltake Z-ONE RGB,18,"£á 94,90","£á 94,90","£á 94,90","£á 94,90","£á 94,90","£á 94,90","£á 94,90","£á 94,90","£á 94,90","£á 94,90","£á 94,90","£á 94,90","£á 92,90","£á 92,90","£á 92,90","£á 92,90","£á 92,90","£á 92,90","£á 92,90","£á 92,90","£á 92,90","£á 92,90","£á 92,90","£á 92,90","£á 92,90","£á 92,90","£á 92,90","£á 92,90","£á 92,90","£á 92,90","£á 92,90",£á 95.90,£á 95.90,£á 95.90,£á 95.90
,https://www.amazon.de/Corsair-Vengeance-16GB-2x8GB-3600MHz/dp/B07TB3R9JB/ref=sr_1_2?__mk_de_DE=%C3%85M%C3%85%C5%BD%C3%95%C3%91&dchild=1&keywords=Corsair+Vengeance+Pro+RGB+3600&qid=1613614557&quartzVehicle=184-492&replacementKeywords=corsair+vengeance+rgb+3600&sr=8-2,Amanzon,Corsair Vengeance Pro RGB,16,£á 81.90,£á 81.90,£á 81.90,£á 81.90,£á 81.90,£á 81.90,£á 88.99,£á 88.99,£á 89.99,£á 89.99,£á 84.99,£á 84.99,£á 84.99,£á 84.99,£á 84.99,£á 84.99,£á 84.99,£á 86.90,£á 86.90,£á 86.90,£á 86.90,£á 89.99,£á 89.99,£á 89.99,£á 89.99,£á 90.99,£á 90.99,£á 90.90,£á 90.90,£á 90.90,£á 79.90,£á 79.90,£á 79.90,£á 79.90,£á 79.90
,https://www.alternate.de/Corsair/DIMM-16-GB-DDR4-3600-Kit-Arbeitsspeicher/html/product/1713319,alternate,Corsair Vengeance RGB Pro SL,18,"£á 81,90","£á 81,90","£á 81,90","£á 81,90","£á 81,90",£á 91.90,"£á 92,90",£á 91.90,£á 91.90,£á 91.90,"£á 90,90","£á 90,90","£á 91,90","£á 91,90","£á 91,90","£á 85,90","£á 85,90","£á 85,90","£á 85,90","£á 85,90","£á 85,90","£á 92,90","£á 92,90","£á 92,90","£á 92,90",£á 91.90,£á 91.90,£á 90.90,£á 90.90,£á 90.90,£á 90.90,£á 84.90,£á 84.90,£á 84.90,£á 84.90
,https://www.alternate.de/G-Skill/DIMM-16-GB-DDR4-3600-Kit-Arbeitsspeicher/html/product/1584343,alternate,GSKILL Trident Z RGB,18,"£á 94,90","£á 95,90","£á 95,90","£á 94,90","£á 93,90","£á 94,90","£á 94,90","£á 94,90","£á 94,90","£á 94,90","£á 93,90","£á 98,90","£á 98,90","£á 98,90","£á 98,90","£á 96,90","£á 96,90","£á 95,90","£á 96,90","£á 94,90","£á 94,90","£á 95,90","£á 94,90","£á 94,90","£á 95,90",£á 94.90,£á 94.90,£á 93.90,£á 93.90,£á 93.90,£á 93.90,£á 90.90,£á 91.90,£á 91.90,£á 93.90
,,,,,,,,,,,,,,,,,,,,,,,,,,,,,,,,,,,,,,,
DDR4 3200 2x8GB NA RGB,,On line,US Online Price,CL,2022/3/7,2022/3/8,2022/3/9,2022/3/10,2022/3/11,2022/3/14,2022/3/15,2022/3/16,2022/3/17,2022/3/18,2022/3/21,2022/3/22,2022/3/23,2022/3/24,2022/3/25,2022/3/29,2022/3/30,2022/4/1,2022/4/6,2022/4/7,2022/4/8,2022/4/11,2022/4/12,2022/4/13,2022/4/14,2022/4/15,2022/4/19,2022/4/20,2022/4/21,2022/4/22,2022/4/25,2022/4/26,2022/4/27,2022/4/28,2022/4/29
,https://www.amazon.com/Thermaltake-TOUGHRAM-Motherboard-Syncable-R019D408GX2-3200C16A/dp/B089NBJPPP/ref=sr_1_1?dchild=1&keywords=Thermaltake%2BTOUGHRAM%2BZ-ONE%2B3200&qid=1613615635&s=electronics&sr=1-1&th=1,Amanzon,Thermaltake TOUGHRAM Z-ONE,16,$114.99,$114.99,$114.99,$114.99,$114.99,$114.99,$114.99,$114.99,$114.99,$114.99,$114.99,$114.99,$114.99,$114.99,$114.99,$114.99,$114.99,$114.99,$114.99,$114.99,$114.99,$114.99,$114.99,$114.99,$114.99,$114.99,$114.99,$114.99,$114.99,$114.99,$114.99,$114.99,$114.99,$114.99,$114.99
,https://www.amazon.com/Corsair-Vengeance-3200MHz-Desktop-Memory/dp/B0143UM4TC/ref=sr_1_1?dchild=1&keywords=Corsair+Vengeance+LPX+3200&qid=1613615675&s=electronics&sr=1-1,Amanzon,Corsair Vengeance LPX,16,$77.99,$69.99,$69.99,$69.99,$69.99,$69.99,$77.99,$77.99,$77.99,$77.99,$77.99,$69.99,$69.99,$69.99,$69.99,$69.99,$77.99,$77.99,$69.99,$69.99,$69.99,$69.99,$77.99,$77.99,$75.99,$75.99,$69.99,$69.99,$65.99,$69.99,$69.99,$74.99,$74.99,$74.99,$74.99
,https://www.amazon.com/Crucial-Ballistix-Desktop-Gaming-BL2K8G32C16U4B/dp/B083TRRT16/ref=sr_1_1?dchild=1&keywords=Crucial+Ballistix+3200&qid=1613615768&s=electronics&sr=1-1 ,Amanzon,Crucial Ballistix,16,$97.99,$97.99,$95.99,$95.99,$95.99,$97.99,$64.60,$74.49,$97.99,$97.99,$97.99,$71.65,$71.65,$71.65,$71.65,£á 86.99,$84.99,$84.99,$88.99,$88.99,$88.99,$93.99,$93.99,$93.99,$81.44,$85.00,$89.00,$89.00,$89.00,$89.00,$82.10,$82.10,$82.05,$82.05,$82.05
,https://www.amazon.com/G-SKILL-Ripjaws-PC4-25600-3200MHz-F4-3200C16D-16GVKB/dp/B015FXXBW0/ref=zg_bs_172500_26?_encoding=UTF8&psc=1&refRID=E3T3VV64T427F7Q01BJW,Amanzon,G.Skill RipJaws V Series,16,$69.99,$69.99,$69.99,$69.99,$69.99,$69.99,$69.99,$69.99,$69.99,$69.99,$69.99,$69.99,$69.99,$69.99,$69.99,$69.99,$69.99,$69.99,$69.99,$69.99,$67.99,$67.99,$67.99,$67.99,$67.99,$67.99,$67.99,$65.99,$65.99,$65.99,$65.99,$65.99,$65.99,$65.99,$65.99
DDR4 3600  2x8GB NA RGB,,On line,US Online Price,CL,2022/3/7,2022/3/8,2022/3/9,2022/3/10,2022/3/11,2022/3/14,2022/3/15,2022/3/16,2022/3/17,2022/3/18,2022/3/21,2022/3/22,2022/3/23,2022/3/24,2022/3/25,2022/3/29,2022/3/30,2022/4/1,2022/4/6,2022/4/7,2022/4/8,2022/4/11,2022/4/12,2022/4/13,2022/4/14,2022/4/15,2022/4/19,2022/4/20,2022/4/21,2022/4/22,2022/4/25,2022/4/26,2022/4/27,2022/4/28,2022/4/29
,https://www.amazon.com/Thermaltake-TOUGHRAM-Motherboard-Syncable-R019D408GX2-3200C16A/dp/B089N5MRLN/ref=sr_1_1?dchild=1&keywords=Thermaltake%2BTOUGHRAM%2BZ-ONE%2B3200&qid=1613615635&s=electronics&sr=1-1&th=1,Amanzon,Thermaltake TOUGHRAM Z-ONE,18,$135.99,$135.99,$135.99,$135.99,$135.99,$135.99,$135.99,$135.99,$135.99,$135.99,$135.99,$135.99,$135.99,$135.99,$135.99,$135.99,$135.99,$135.99,$135.99,$135.99,$135.99,$135.99,$135.99,$135.99,$135.99,$135.99,$135.99,$135.99,$135.99,$135.99,$135.99,$135.99,$135.99,$135.99,$135.99
,https://www.amazon.com/Corsair-Vengeance-3200MHz-Desktop-Memory/dp/B07FBVYFKH/ref=sr_1_1?dchild=1&keywords=Corsair%2BVengeance%2BLPX%2B3200&qid=1613615675&s=electronics&sr=1-1&th=1 ,Amanzon,Corsair Vengeance LPX,18,$79.99,$79.99,$79.99,$79.99,$79.99,$81.99,$81.99,$81.99,$81.99,$79.99,$79.99,$79.99,$79.99,$79.99,$79.99,$79.99,$79.99,$79.99,$85.99,$80.99,$80.99,$80.99,$85.99,$85.99,$85.99,$85.99,$85.99,$85.99,$85.99,$85.99,$80.99,$80.99,$80.99,$80.99,$80.99
,https://www.amazon.com/Crucial-Ballistix-Desktop-Gaming-BL2K8G32C16U4B/dp/B083V93HJG/ref=sr_1_1?dchild=1&keywords=Crucial%2BBallistix%2B3200&qid=1613615768&s=electronics&sr=1-1&th=1 ,Amanzon,Crucial Ballistix,16,N/A,N/A,$129.95,N/A,N/A,N/A,N/A,N/A,N/A,N/A,N/A,N/A,N/A,$199.99,$197.99,N/A,N/A,N/A,N/A,N/A,N/A,N/A,N/A,N/A,N/A,N/A,N/A,N/A,N/A,N/A,N/A,N/A,N/A,N/A,N/A
,https://www.amazon.com/G-Skill-RipJaws-PC4-28800-CL18-22-22-42-F4-3600C18D-16GVK/dp/B07XJLDHW4/ref=psdc_172500_t1_B015FXXBW0,Amanzon,G.Skill RipJaws V Series,18,$69.99,$69.99,$69.99,$69.99,$69.99,$69.99,$69.99,$69.99,$69.99,$69.99,$69.99,$69.99,$69.99,$69.99,$69.99,$69.99,$69.99,$69.99,$69.99,$69.99,$67.99,$67.99,$67.99,$67.99,$67.99,$67.99,$67.99,$65.99,$65.99,$65.99,$65.99,$65.99,$65.99,$65.99,$65.99
DDR4 3200 2x8GB NA RGB,,On line,De Online Price,CL,2022/3/7,2022/3/8,2022/3/9,2022/3/10,2022/3/11,2022/3/14,2022/3/15,2022/3/16,2022/3/17,2022/3/18,2022/3/21,2022/3/22,2022/3/23,2022/3/24,2022/3/25,2022/3/29,2022/3/30,2022/4/1,2022/4/6,2022/4/7,2022/4/8,2022/4/11,2022/4/12,2022/4/13,2022/4/14,2022/4/15,2022/4/19,2022/4/20,2022/4/21,2022/4/22,2022/4/25,2022/4/26,2022/4/27,2022/4/28,2022/4/29
,https://www.alternate.de/Thermaltake/DIMM-16-GB-DDR4-3200-Kit-Arbeitsspeicher/html/product/1647551,alternate,Thermaltake TOUGHRAM Z-ONE,16,"£á 95,90","£á 95,90","£á 95,90","£á 95,90","£á 95,90","£á 95,90","£á 95,90","£á 95,90","£á 95,90","£á 95,90","£á 95,90","£á 95,90","£á 106,90","£á 106,90","£á 106,90","£á 95,90","£á 95,90","£á 95,90","£á 95,90","£á 95,90","£á 95,90","£á 95,90","£á 106,90","£á 106,90","£á 106,90","£á 106,90","£á 106,90","£á 106,90","£á 106,90","£á 106,90","£á 106,90","£á 106,90","£á 106,90","£á 106,90","£á 106,90"
,https://www.alternate.de/Corsair/DIMM-16-GB-DDR4-3200-Kit-Arbeitsspeicher/html/product/1220684 ,alternate,Corsair Vengeance LPX,16,"£á 69,90","£á 69,90","£á 69,90","£á 69,90","£á 69,90","£á 77,90","£á 69,90","£á 69,90","£á 69,90","£á 69,90","£á 69,90","£á 69,90","£á 69,90","£á 69,90","£á 69,90","£á 72,90","£á 72,90","£á 72,90","£á 72,90","£á 72,90","£á 72,90","£á 77,90","£á 70,90","£á 70,90","£á 70,90","£á 70,90","£á 70,90","£á 70,90","£á 70,90","£á 70,90",£á 78.90,£á 71.90,£á 71.90,£á 71.90,£á 71.90
,https://www.amazon.de/Crucial-Ballistix-BL2K8G32C16U4B-Desktop-Speicher/dp/B083TRRT16/ref=zg_bs_430178031_4?_encoding=UTF8&psc=1&refRID=R45YTA9AHJGJ67ZDCYSX,Amanzon,Crucial Ballistix,16,£á 98.55,£á 98.55,£á 98.55,£á 98.55,£á 98.55,£á 98.55,£á 98.55,£á 69.90,"£á 69,90","£á 69,90","£á 69,90","£á 69,90","£á 69,90","£á 69,90","£á 69,90","£á 69,90","£á 69,90",£á 62.99,£á 69.90,£á 69.90,£á 69.90,£á 99.67,£á 99.67,£á 99.67,£á 91.80,£á 84.30,£á 84.30,£á 99.67,£á 94.20,£á 99.67,£á 93.78,£á 93.78,£á 93.72,£á 69.90,£á 85.82
,https://www.alternate.de/G-Skill/DIMM-16GB-DDR4-3200-Kit-Arbeitsspeicher/html/product/1227030,alternate,G.Skill RipJaws V Series,16,"£á 71,90","£á 72,90","£á 72,90","£á 72,90","£á 71,90","£á 71,90","£á 72,90","£á 71,90","£á 71,90","£á 71,90","£á 71,90","£á 70,90","£á 70,90","£á 70,90","£á 70,90","£á 68,90","£á 68,90","£á 67,90","£á 69,90","£á 67,90","£á 67,90","£á 67,90","£á 67,90","£á 67,90","£á 67,90",£á 66.90,£á 66.90,£á 65.90,£á 66.90,£á 66.90,£á 66.90,£á 64.90,£á 64.90,£á 65.90,£á 67.90
DDR4 3600  2x8GB NA RGB,,On line,De Online Price,CL,2022/3/7,2022/3/8,2022/3/9,2022/3/10,2022/3/11,2022/3/14,2022/3/15,2022/3/16,2022/3/17,2022/3/18,2022/3/21,2022/3/22,2022/3/23,2022/3/24,2022/3/25,2022/3/29,2022/3/30,2022/4/1,2022/4/6,2022/4/7,2022/4/8,2022/4/11,2022/4/12,2022/4/13,2022/4/14,2022/4/15,2022/4/19,2022/4/20,2022/4/21,2022/4/22,2022/4/22,2022/4/26,2022/4/27,2022/4/28,2022/4/29
,https://www.alternate.de/Thermaltake/DIMM-16-GB-DDR4-3600-Kit-Arbeitsspeicher/html/product/1647554,alternate,Thermaltake TOUGHRAM Z-ONE,18,"£á 91,90","£á 91,90","£á 91,90","£á 91,90","£á 91,90","£á 91,90","£á 91,90","£á 91,90","£á 91,90","£á 91,90","£á 91,90","£á 91,90","£á 89,90","£á 89,90","£á 89,90","£á 89,90","£á 89,90","£á 89,90","£á 89,90","£á 89,90","£á 89,90","£á 89,90","£á 89,90","£á 89,90","£á 89,90","£á 89,90","£á 89,90","£á 89,90","£á 89,90","£á 89,90","£á 89,90","£á 89,90","£á 89,90","£á 89,90","£á 89,90"
,https://www.alternate.de/Corsair/DIMM-16-GB-DDR4-3600-Kit-Arbeitsspeicher/html/product/1546243,alternate,Corsair Vengeance LPX,18,"£á 69,90","£á 69,90","£á 69,90","£á 69,90","£á 69,90",£á 78.90,"£á 79,90",£á 78.90,£á 78.90,£á 78.90,£á 78.90,£á 78.90,£á 78.90,£á 78.90,£á 78.90,"£á 72,90","£á 72,90","£á 72,90","£á 72,90","£á 72,90","£á 72,90","£á 79,90","£á 70,90","£á 70,90","£á 71,90",£á 78.90,£á 78.90,£á 78.90,£á 78.90,£á 78.90,£á 77.90,£á 71.90,£á 71.90,£á 71.90,£á 71.90
,https://www.amazon.de/Crucial-Ballistix-BL2K8G36C16U4B-Desktop-Speicher/dp/B083V93HJG/ref=zg_bs_430178031_3?_encoding=UTF8&psc=1&refRID=R45YTA9AHJGJ67ZDCYSX,Amanzon,Crucial Ballistix,16,£á 82.99,£á 82.99,£á 87.90,£á 87.90,£á 83.87,£á 85.99,£á 96.99,£á 95.99,£á 95.99,£á 94.99,£á 99.00,£á 99.00,£á 99.00,£á 99.00,£á 99.00,£á 99.00,£á 99.00,£á 99.00,£á 99.00,£á 109.00,£á 109.00,£á 119.99,£á 119.99,£á 119.99,£á 119.99,£á 103.99,£á 119.99,£á 110.17,£á 84.99,£á 85.00,£á 85.00,£á 85.00,£á 85.00,£á 85.00,£á 85.00
,https://www.alternate.de/G-Skill/DIMM-16-GB-DDR4-3600-Kit-Arbeitsspeicher/html/product/1653149,alternate,G.Skill RipJaws V Series,18,"£á 73,90","£á 74,90","£á 74,90","£á 74,90","£á 73,90","£á 73,90","£á 74,90","£á 73,90","£á 73,90","£á 73,90","£á 73,90","£á 70,90","£á 71,90","£á 71,90","£á 71,90","£á 70,90","£á 70,90","£á 68,90","£á 72,90","£á 67,90","£á 67,90","£á 68,90","£á 67,90","£á 67,90","£á 68,90",£á 67.90,£á 67.90,£á 66.90,£á 67.90,£á 67.90,£á 66.90,£á 64.90,£á 64.90,£á 64.90,£á 67.90
